{"loss": 5.575636863708496, "epoch": 0, "_timestamp": 1661320783.34928, "_runtime": 3.98368501663208, "_step": 0, "_wandb": {"runtime": 3}}