{"loss": 2572.92724609375, "_timestamp": 1661336273.353462, "_runtime": 4.388343095779419, "_step": 100, "gradients/lin2.bias": {"_type": "histogram", "values": [0.0, 0.0, 0.0, 0.0, 0.0, 0.0, 0.0, 0.0, 0.0, 0.0, 0.0, 0.0, 0.0, 0.0, 0.0, 0.0, 0.0, 0.0, 0.0, 0.0, 0.0, 0.0, 0.0, 0.0, 0.0, 0.0, 0.0, 0.0, 0.0, 0.0, 0.0, 0.0, 1.0, 0.0, 0.0, 0.0, 0.0, 0.0, 0.0, 0.0, 0.0, 0.0, 0.0, 0.0, 0.0, 0.0, 0.0, 0.0, 0.0, 0.0, 0.0, 0.0, 0.0, 0.0, 0.0, 0.0, 0.0, 0.0, 0.0, 0.0, 0.0, 0.0, 0.0, 0.0], "bins": [-100.7659912109375, -100.7659912109375, -100.7659912109375, -100.7659912109375, -100.7659912109375, -100.7659912109375, -100.7659912109375, -100.7659912109375, -100.7659912109375, -100.7659912109375, -100.7659912109375, -100.7659912109375, -100.7659912109375, -100.7659912109375, -100.7659912109375, -100.7659912109375, -100.7659912109375, -100.7659912109375, -100.7659912109375, -100.7659912109375, -100.7659912109375, -100.7659912109375, -100.7659912109375, -100.7659912109375, -100.7659912109375, -100.7659912109375, -100.7659912109375, -100.7659912109375, -100.7659912109375, -100.7659912109375, -100.7659912109375, -100.7659912109375, -100.7659912109375, -100.7659912109375, -100.7659912109375, -100.7659912109375, -100.7659912109375, -100.7659912109375, -100.7659912109375, -100.7659912109375, -100.7659912109375, -100.7659912109375, -100.7659912109375, -100.7659912109375, -100.7659912109375, -100.7659912109375, -100.7659912109375, -100.7659912109375, -100.7659912109375, -100.7659912109375, -100.7659912109375, -100.7659912109375, -100.7659912109375, -100.7659912109375, -100.7659912109375, -100.7659912109375, -100.7659912109375, -100.7659912109375, -100.7659912109375, -100.7659912109375, -100.7659912109375, -100.7659912109375, -100.7659912109375, -100.7659912109375, -100.7659912109375]}, "gradients/lin2.weight": {"_type": "histogram", "values": [1.0, 0.0, 0.0, 0.0, 0.0, 0.0, 0.0, 0.0, 0.0, 0.0, 0.0, 0.0, 0.0, 0.0, 0.0, 0.0, 0.0, 0.0, 0.0, 0.0, 0.0, 0.0, 0.0, 0.0, 0.0, 0.0, 0.0, 0.0, 0.0, 0.0, 0.0, 0.0, 0.0, 0.0, 0.0, 0.0, 0.0, 0.0, 0.0, 0.0, 0.0, 0.0, 0.0, 0.0, 0.0, 0.0, 0.0, 0.0, 0.0, 0.0, 0.0, 0.0, 0.0, 0.0, 0.0, 0.0, 0.0, 0.0, 0.0, 0.0, 0.0, 0.0, 0.0, 1.0], "bins": [-7338.3291015625, -7223.75830078125, -7109.18798828125, -6994.6171875, -6880.046875, -6765.47607421875, -6650.9052734375, -6536.3349609375, -6421.76416015625, -6307.193359375, -6192.623046875, -6078.05224609375, -5963.4814453125, -5848.9111328125, -5734.34033203125, -5619.77001953125, -5505.19921875, -5390.62841796875, -5276.05810546875, -5161.4873046875, -5046.9169921875, -4932.34619140625, -4817.775390625, -4703.205078125, -4588.63427734375, -4474.0634765625, -4359.4931640625, -4244.92236328125, -4130.3515625, -4015.78125, -3901.21044921875, -3786.639892578125, -3672.0693359375, -3557.498779296875, -3442.92822265625, -3328.357421875, -3213.786865234375, -3099.21630859375, -2984.6455078125, -2870.074951171875, -2755.50439453125, -2640.933837890625, -2526.36328125, -2411.79248046875, -2297.221923828125, -2182.6513671875, -2068.08056640625, -1953.510009765625, -1838.939453125, -1724.368896484375, -1609.7982177734375, -1495.2275390625, -1380.656982421875, -1266.08642578125, -1151.5157470703125, -1036.945068359375, -922.37451171875, -807.8038940429688, -693.2332763671875, -578.6626586914062, -464.092041015625, -349.52142333984375, -234.9508056640625, -120.38018798828125, -5.809600830078125]}, "gradients/lin1.bias": {"_type": "histogram", "values": [1.0, 0.0, 0.0, 0.0, 0.0, 0.0, 0.0, 0.0, 0.0, 0.0, 0.0, 0.0, 0.0, 0.0, 0.0, 0.0, 0.0, 0.0, 0.0, 0.0, 0.0, 0.0, 0.0, 0.0, 0.0, 0.0, 0.0, 0.0, 0.0, 0.0, 0.0, 0.0, 0.0, 0.0, 0.0, 0.0, 0.0, 0.0, 0.0, 0.0, 0.0, 0.0, 0.0, 0.0, 0.0, 0.0, 0.0, 0.0, 0.0, 0.0, 0.0, 0.0, 0.0, 0.0, 0.0, 0.0, 0.0, 0.0, 0.0, 0.0, 0.0, 0.0, 0.0, 1.0], "bins": [-429.3412780761719, -406.5701599121094, -383.79901123046875, -361.02789306640625, -338.25677490234375, -315.48565673828125, -292.71453857421875, -269.9433898925781, -247.17227172851562, -224.40115356445312, -201.63002014160156, -178.85888671875, -156.0877685546875, -133.316650390625, -110.54551696777344, -87.77438354492188, -65.00326538085938, -42.232139587402344, -19.461013793945312, 3.3101119995117188, 26.08123779296875, 48.85236358642578, 71.62348937988281, 94.39462280273438, 117.16574096679688, 139.93685913085938, 162.70799255371094, 185.4791259765625, 208.250244140625, 231.0213623046875, 253.79249572753906, 276.5636291503906, 299.334716796875, 322.1058349609375, 344.876953125, 367.6481018066406, 390.4192199707031, 413.1903381347656, 435.96148681640625, 458.73260498046875, 481.50372314453125, 504.27484130859375, 527.0459594726562, 549.8170776367188, 572.5882568359375, 595.359375, 618.1304931640625, 640.901611328125, 663.6727294921875, 686.44384765625, 709.2149658203125, 731.986083984375, 754.7572021484375, 777.5283813476562, 800.2994995117188, 823.0706176757812, 845.8417358398438, 868.6128540039062, 891.3839721679688, 914.1550903320312, 936.92626953125, 959.6973876953125, 982.468505859375, 1005.2396240234375, 1028.0107421875]}, "gradients/lin1.weight": {"_type": "histogram", "values": [1.0, 0.0, 0.0, 0.0, 0.0, 0.0, 0.0, 0.0, 0.0, 0.0, 0.0, 0.0, 0.0, 0.0, 0.0, 0.0, 0.0, 0.0, 0.0, 0.0, 0.0, 0.0, 0.0, 0.0, 0.0, 0.0, 0.0, 0.0, 0.0, 0.0, 0.0, 0.0, 0.0, 0.0, 0.0, 0.0, 0.0, 0.0, 0.0, 0.0, 0.0, 0.0, 0.0, 0.0, 0.0, 0.0, 0.0, 0.0, 0.0, 0.0, 0.0, 0.0, 0.0, 0.0, 0.0, 0.0, 0.0, 0.0, 0.0, 0.0, 0.0, 0.0, 0.0, 1.0], "bins": [-8157.484375, -7724.8330078125, -7292.181640625, -6859.5302734375, -6426.87890625, -5994.2275390625, -5561.576171875, -5128.9248046875, -4696.2734375, -4263.6220703125, -3830.970703125, -3398.3193359375, -2965.66796875, -2533.0166015625, -2100.365234375, -1667.7138671875, -1235.0625, -802.4111328125, -369.759765625, 62.8916015625, 495.54296875, 928.1943359375, 1360.845703125, 1793.4970703125, 2226.1484375, 2658.7998046875, 3091.451171875, 3524.1025390625, 3956.75390625, 4389.4052734375, 4822.056640625, 5254.7080078125, 5687.359375, 6120.0107421875, 6552.662109375, 6985.3134765625, 7417.96484375, 7850.6162109375, 8283.267578125, 8715.9189453125, 9148.5703125, 9581.2216796875, 10013.873046875, 10446.5244140625, 10879.17578125, 11311.8271484375, 11744.478515625, 12177.1298828125, 12609.78125, 13042.4326171875, 13475.083984375, 13907.7353515625, 14340.38671875, 14773.0380859375, 15205.689453125, 15638.3408203125, 16070.9921875, 16503.64453125, 16936.294921875, 17368.9453125, 17801.59765625, 18234.25, 18666.900390625, 19099.55078125, 19532.203125]}, "_wandb": {"runtime": 3}}