{"loss": 5.515393257141113, "epoch": 0, "_timestamp": 1661322601.8784475, "_runtime": 3.8687875270843506, "_step": 0, "_wandb": {"runtime": 4}}