{"loss": 5.65734338760376, "epoch": 0, "_timestamp": 1661321206.9900885, "_runtime": 5.322340488433838, "_step": 0, "_wandb": {"runtime": 4}}