{"loss": 6750.72265625, "_timestamp": 1661336149.945735, "_runtime": 4.6238648891448975, "_step": 100, "gradients/lin2.bias": {"_type": "histogram", "values": [0.0, 0.0, 0.0, 0.0, 0.0, 0.0, 0.0, 0.0, 0.0, 0.0, 0.0, 0.0, 0.0, 0.0, 0.0, 0.0, 0.0, 0.0, 0.0, 0.0, 0.0, 0.0, 0.0, 0.0, 0.0, 0.0, 0.0, 0.0, 0.0, 0.0, 0.0, 0.0, 1.0, 0.0, 0.0, 0.0, 0.0, 0.0, 0.0, 0.0, 0.0, 0.0, 0.0, 0.0, 0.0, 0.0, 0.0, 0.0, 0.0, 0.0, 0.0, 0.0, 0.0, 0.0, 0.0, 0.0, 0.0, 0.0, 0.0, 0.0, 0.0, 0.0, 0.0, 0.0], "bins": [-164.012939453125, -164.012939453125, -164.012939453125, -164.012939453125, -164.012939453125, -164.012939453125, -164.012939453125, -164.012939453125, -164.012939453125, -164.012939453125, -164.012939453125, -164.012939453125, -164.012939453125, -164.012939453125, -164.012939453125, -164.012939453125, -164.012939453125, -164.012939453125, -164.012939453125, -164.012939453125, -164.012939453125, -164.012939453125, -164.012939453125, -164.012939453125, -164.012939453125, -164.012939453125, -164.012939453125, -164.012939453125, -164.012939453125, -164.012939453125, -164.012939453125, -164.012939453125, -164.012939453125, -164.012939453125, -164.012939453125, -164.012939453125, -164.012939453125, -164.012939453125, -164.012939453125, -164.012939453125, -164.012939453125, -164.012939453125, -164.012939453125, -164.012939453125, -164.012939453125, -164.012939453125, -164.012939453125, -164.012939453125, -164.012939453125, -164.012939453125, -164.012939453125, -164.012939453125, -164.012939453125, -164.012939453125, -164.012939453125, -164.012939453125, -164.012939453125, -164.012939453125, -164.012939453125, -164.012939453125, -164.012939453125, -164.012939453125, -164.012939453125, -164.012939453125, -164.012939453125]}, "gradients/lin2.weight": {"_type": "histogram", "values": [1.0, 0.0, 0.0, 0.0, 0.0, 0.0, 0.0, 0.0, 0.0, 0.0, 0.0, 0.0, 0.0, 0.0, 0.0, 0.0, 0.0, 0.0, 0.0, 0.0, 0.0, 0.0, 0.0, 0.0, 0.0, 0.0, 0.0, 0.0, 0.0, 0.0, 0.0, 0.0, 0.0, 0.0, 0.0, 0.0, 0.0, 0.0, 0.0, 0.0, 0.0, 0.0, 0.0, 0.0, 0.0, 0.0, 0.0, 0.0, 0.0, 0.0, 0.0, 0.0, 0.0, 0.0, 0.0, 0.0, 0.0, 0.0, 0.0, 0.0, 0.0, 0.0, 0.0, 1.0], "bins": [-12522.515625, -12326.8515625, -12131.1875, -11935.5224609375, -11739.8583984375, -11544.1943359375, -11348.529296875, -11152.865234375, -10957.201171875, -10761.537109375, -10565.873046875, -10370.2080078125, -10174.5439453125, -9978.8798828125, -9783.21484375, -9587.55078125, -9391.88671875, -9196.22265625, -9000.55859375, -8804.8935546875, -8609.2294921875, -8413.5654296875, -8217.900390625, -8022.236328125, -7826.572265625, -7630.908203125, -7435.24365234375, -7239.5791015625, -7043.9150390625, -6848.2509765625, -6652.58642578125, -6456.921875, -6261.2578125, -6065.59375, -5869.92919921875, -5674.2646484375, -5478.6005859375, -5282.9365234375, -5087.27197265625, -4891.607421875, -4695.943359375, -4500.279296875, -4304.61474609375, -4108.9501953125, -3913.2861328125, -3717.621826171875, -3521.95751953125, -3326.293212890625, -3130.62890625, -2934.964599609375, -2739.30029296875, -2543.635986328125, -2347.9716796875, -2152.307373046875, -1956.64306640625, -1760.978759765625, -1565.314453125, -1369.650146484375, -1173.98583984375, -978.321533203125, -782.6572265625, -586.992919921875, -391.32861328125, -195.664306640625, 0.0]}, "gradients/lin1.bias": {"_type": "histogram", "values": [1.0, 0.0, 0.0, 0.0, 0.0, 0.0, 0.0, 0.0, 0.0, 0.0, 0.0, 0.0, 0.0, 0.0, 0.0, 0.0, 0.0, 0.0, 0.0, 0.0, 0.0, 0.0, 0.0, 0.0, 0.0, 0.0, 0.0, 0.0, 0.0, 0.0, 0.0, 0.0, 0.0, 0.0, 0.0, 0.0, 0.0, 0.0, 0.0, 0.0, 0.0, 0.0, 0.0, 0.0, 0.0, 0.0, 0.0, 0.0, 0.0, 0.0, 0.0, 0.0, 0.0, 0.0, 0.0, 0.0, 0.0, 0.0, 0.0, 0.0, 0.0, 0.0, 0.0, 1.0], "bins": [-600.2476196289062, -590.8687744140625, -581.4898681640625, -572.1110229492188, -562.7321166992188, -553.353271484375, -543.9744262695312, -534.5955200195312, -525.2166748046875, -515.8378295898438, -506.45892333984375, -497.080078125, -487.7012023925781, -478.32232666015625, -468.9434509277344, -459.5645751953125, -450.18572998046875, -440.8068542480469, -431.427978515625, -422.04913330078125, -412.6702575683594, -403.2913818359375, -393.9125061035156, -384.53363037109375, -375.1547546386719, -365.77587890625, -356.3970031738281, -347.0181579589844, -337.6392822265625, -328.2604064941406, -318.88153076171875, -309.502685546875, -300.1238098144531, -290.74493408203125, -281.3660583496094, -271.9872131347656, -262.60833740234375, -253.22946166992188, -243.8505859375, -234.4717254638672, -225.09286499023438, -215.7139892578125, -206.3351287841797, -196.9562530517578, -187.577392578125, -178.19851684570312, -168.81964111328125, -159.44078063964844, -150.06190490722656, -140.6830291748047, -131.30416870117188, -121.92529296875, -112.54643249511719, -103.16755676269531, -93.78868865966797, -84.40982055664062, -75.03095245361328, -65.65208435058594, -56.273216247558594, -46.894344329833984, -37.51547622680664, -28.136608123779297, -18.757736206054688, -9.378868103027344, 0.0]}, "gradients/lin1.weight": {"_type": "histogram", "values": [1.0, 0.0, 0.0, 0.0, 0.0, 0.0, 0.0, 0.0, 0.0, 0.0, 0.0, 0.0, 0.0, 0.0, 0.0, 0.0, 0.0, 0.0, 0.0, 0.0, 0.0, 0.0, 0.0, 0.0, 0.0, 0.0, 0.0, 0.0, 0.0, 0.0, 0.0, 0.0, 0.0, 0.0, 0.0, 0.0, 0.0, 0.0, 0.0, 0.0, 0.0, 0.0, 0.0, 0.0, 0.0, 0.0, 0.0, 0.0, 0.0, 0.0, 0.0, 0.0, 0.0, 0.0, 0.0, 0.0, 0.0, 0.0, 0.0, 0.0, 0.0, 0.0, 0.0, 1.0], "bins": [-11404.705078125, -11226.5068359375, -11048.3076171875, -10870.109375, -10691.9111328125, -10513.712890625, -10335.513671875, -10157.3154296875, -9979.1171875, -9800.9189453125, -9622.7197265625, -9444.521484375, -9266.3232421875, -9088.125, -8909.92578125, -8731.7275390625, -8553.529296875, -8375.3310546875, -8197.1318359375, -8018.93359375, -7840.7353515625, -7662.53662109375, -7484.337890625, -7306.1396484375, -7127.9404296875, -6949.74169921875, -6771.54345703125, -6593.3447265625, -6415.146484375, -6236.94775390625, -6058.7490234375, -5880.55078125, -5702.3525390625, -5524.15380859375, -5345.95556640625, -5167.7568359375, -4989.55859375, -4811.35986328125, -4633.1611328125, -4454.962890625, -4276.7646484375, -4098.56591796875, -3920.36767578125, -3742.1689453125, -3563.970703125, -3385.77197265625, -3207.573486328125, -3029.375, -2851.17626953125, -2672.977783203125, -2494.779296875, -2316.58056640625, -2138.38232421875, -1960.1837158203125, -1781.985107421875, -1603.78662109375, -1425.588134765625, -1247.3896484375, -1069.191162109375, -890.9925537109375, -712.7940673828125, -534.5955810546875, -356.39697265625, -178.198486328125, 0.0]}, "_wandb": {"runtime": 3}}