{"loss": 5.56428861618042, "epoch": 0, "_timestamp": 1661320834.453895, "_runtime": 4.042937994003296, "_step": 0, "_wandb": {"runtime": 3}}