{"loss": 5.446671962738037, "_timestamp": 1661315366.253794, "_runtime": 448.0548460483551, "_step": 45, "_wandb": {"runtime": 454}}