{"loss": 6628.6767578125, "_timestamp": 1661335650.473166, "_runtime": 4.753663063049316, "_step": 100, "gradients/lin2.bias": {"_type": "histogram", "values": [0.0, 0.0, 0.0, 0.0, 0.0, 0.0, 0.0, 0.0, 0.0, 0.0, 0.0, 0.0, 0.0, 0.0, 0.0, 0.0, 0.0, 0.0, 0.0, 0.0, 0.0, 0.0, 0.0, 0.0, 0.0, 0.0, 0.0, 0.0, 0.0, 0.0, 0.0, 0.0, 1.0, 0.0, 0.0, 0.0, 0.0, 0.0, 0.0, 0.0, 0.0, 0.0, 0.0, 0.0, 0.0, 0.0, 0.0, 0.0, 0.0, 0.0, 0.0, 0.0, 0.0, 0.0, 0.0, 0.0, 0.0, 0.0, 0.0, 0.0, 0.0, 0.0, 0.0, 0.0], "bins": [-162.52984619140625, -162.52984619140625, -162.52984619140625, -162.52984619140625, -162.52984619140625, -162.52984619140625, -162.52984619140625, -162.52984619140625, -162.52984619140625, -162.52984619140625, -162.52984619140625, -162.52984619140625, -162.52984619140625, -162.52984619140625, -162.52984619140625, -162.52984619140625, -162.52984619140625, -162.52984619140625, -162.52984619140625, -162.52984619140625, -162.52984619140625, -162.52984619140625, -162.52984619140625, -162.52984619140625, -162.52984619140625, -162.52984619140625, -162.52984619140625, -162.52984619140625, -162.52984619140625, -162.52984619140625, -162.52984619140625, -162.52984619140625, -162.52984619140625, -162.52984619140625, -162.52984619140625, -162.52984619140625, -162.52984619140625, -162.52984619140625, -162.52984619140625, -162.52984619140625, -162.52984619140625, -162.52984619140625, -162.52984619140625, -162.52984619140625, -162.52984619140625, -162.52984619140625, -162.52984619140625, -162.52984619140625, -162.52984619140625, -162.52984619140625, -162.52984619140625, -162.52984619140625, -162.52984619140625, -162.52984619140625, -162.52984619140625, -162.52984619140625, -162.52984619140625, -162.52984619140625, -162.52984619140625, -162.52984619140625, -162.52984619140625, -162.52984619140625, -162.52984619140625, -162.52984619140625, -162.52984619140625]}, "gradients/lin2.weight": {"_type": "histogram", "values": [1.0, 0.0, 0.0, 0.0, 0.0, 0.0, 0.0, 0.0, 0.0, 0.0, 0.0, 0.0, 0.0, 0.0, 0.0, 0.0, 0.0, 0.0, 0.0, 0.0, 0.0, 0.0, 0.0, 0.0, 0.0, 0.0, 0.0, 0.0, 0.0, 0.0, 0.0, 0.0, 0.0, 0.0, 0.0, 0.0, 0.0, 0.0, 0.0, 0.0, 0.0, 0.0, 0.0, 0.0, 0.0, 0.0, 0.0, 0.0, 0.0, 0.0, 0.0, 0.0, 0.0, 0.0, 0.0, 0.0, 0.0, 0.0, 0.0, 0.0, 0.0, 0.0, 0.0, 1.0], "bins": [-12249.3203125, -12057.9248046875, -11866.529296875, -11675.1337890625, -11483.73828125, -11292.341796875, -11100.9462890625, -10909.55078125, -10718.1552734375, -10526.759765625, -10335.3642578125, -10143.96875, -9952.572265625, -9761.1767578125, -9569.78125, -9378.3857421875, -9186.990234375, -8995.5947265625, -8804.19921875, -8612.8037109375, -8421.408203125, -8230.01171875, -8038.6162109375, -7847.220703125, -7655.8251953125, -7464.4296875, -7273.0341796875, -7081.63818359375, -6890.24267578125, -6698.84716796875, -6507.451171875, -6316.0556640625, -6124.66015625, -5933.2646484375, -5741.869140625, -5550.47314453125, -5359.07763671875, -5167.68212890625, -4976.2861328125, -4784.890625, -4593.4951171875, -4402.099609375, -4210.7041015625, -4019.30810546875, -3827.91259765625, -3636.51708984375, -3445.121337890625, -3253.7255859375, -3062.330078125, -2870.9345703125, -2679.538818359375, -2488.14306640625, -2296.74755859375, -2105.35205078125, -1913.956298828125, -1722.5606689453125, -1531.1650390625, -1339.7694091796875, -1148.373779296875, -956.9781494140625, -765.58251953125, -574.1868896484375, -382.791259765625, -191.3956298828125, 0.0]}, "gradients/lin1.bias": {"_type": "histogram", "values": [1.0, 0.0, 0.0, 0.0, 0.0, 0.0, 0.0, 0.0, 0.0, 0.0, 0.0, 0.0, 0.0, 0.0, 0.0, 0.0, 0.0, 0.0, 0.0, 0.0, 0.0, 0.0, 0.0, 0.0, 0.0, 0.0, 0.0, 0.0, 0.0, 0.0, 0.0, 0.0, 0.0, 0.0, 0.0, 0.0, 0.0, 0.0, 0.0, 0.0, 0.0, 0.0, 0.0, 0.0, 0.0, 0.0, 0.0, 0.0, 0.0, 0.0, 0.0, 0.0, 0.0, 0.0, 0.0, 0.0, 0.0, 0.0, 0.0, 0.0, 0.0, 0.0, 0.0, 1.0], "bins": [-606.8274536132812, -597.3457641601562, -587.8640747070312, -578.3824462890625, -568.9007568359375, -559.4190673828125, -549.9373779296875, -540.4556884765625, -530.9739990234375, -521.4923095703125, -512.0106201171875, -502.5289611816406, -493.0472717285156, -483.56561279296875, -474.08392333984375, -464.60223388671875, -455.12060546875, -445.638916015625, -436.1572570800781, -426.6755676269531, -417.1938781738281, -407.71221923828125, -398.23052978515625, -388.74884033203125, -379.26715087890625, -369.78546142578125, -360.3038024902344, -350.8221130371094, -341.3404235839844, -331.8587646484375, -322.3770751953125, -312.8953857421875, -303.4137268066406, -293.9320373535156, -284.45037841796875, -274.96868896484375, -265.48699951171875, -256.0053405761719, -246.52365112304688, -237.04197692871094, -227.560302734375, -218.07862854003906, -208.59693908691406, -199.11526489257812, -189.6335906982422, -180.15191650390625, -170.67022705078125, -161.1885528564453, -151.7068634033203, -142.22518920898438, -132.74349975585938, -123.26182556152344, -113.7801513671875, -104.29846954345703, -94.81678771972656, -85.33511352539062, -75.85343170166016, -66.37174987792969, -56.89007568359375, -47.40839385986328, -37.92671585083008, -28.445037841796875, -18.963356018066406, -9.481681823730469, 0.0]}, "gradients/lin1.weight": {"_type": "histogram", "values": [1.0, 0.0, 0.0, 0.0, 0.0, 0.0, 0.0, 0.0, 0.0, 0.0, 0.0, 0.0, 0.0, 0.0, 0.0, 0.0, 0.0, 0.0, 0.0, 0.0, 0.0, 0.0, 0.0, 0.0, 0.0, 0.0, 0.0, 0.0, 0.0, 0.0, 0.0, 0.0, 0.0, 0.0, 0.0, 0.0, 0.0, 0.0, 0.0, 0.0, 0.0, 0.0, 0.0, 0.0, 0.0, 0.0, 0.0, 0.0, 0.0, 0.0, 0.0, 0.0, 0.0, 0.0, 0.0, 0.0, 0.0, 0.0, 0.0, 0.0, 0.0, 0.0, 0.0, 1.0], "bins": [-11529.7216796875, -11349.5693359375, -11169.41796875, -10989.265625, -10809.1142578125, -10628.9619140625, -10448.810546875, -10268.658203125, -10088.5068359375, -9908.3544921875, -9728.203125, -9548.05078125, -9367.8994140625, -9187.7470703125, -9007.595703125, -8827.443359375, -8647.291015625, -8467.138671875, -8286.9873046875, -8106.83544921875, -7926.68359375, -7746.53125, -7566.3798828125, -7386.2275390625, -7206.076171875, -7025.92431640625, -6845.7724609375, -6665.62060546875, -6485.46875, -6305.31640625, -6125.1650390625, -5945.0126953125, -5764.86083984375, -5584.708984375, -5404.55712890625, -5224.4052734375, -5044.25341796875, -4864.1015625, -4683.94921875, -4503.79736328125, -4323.6455078125, -4143.49365234375, -3963.341796875, -3783.18994140625, -3603.037841796875, -3422.885986328125, -3242.734130859375, -3062.58203125, -2882.430419921875, -2702.278564453125, -2522.126708984375, -2341.974609375, -2161.82275390625, -1981.6708984375, -1801.51904296875, -1621.3670654296875, -1441.2152099609375, -1261.0633544921875, -1080.911376953125, -900.759521484375, -720.6076049804688, -540.4556884765625, -360.3038330078125, -180.15185546875, 0.0]}, "_wandb": {"runtime": 3}}