{"loss": 5.481246471405029, "epoch": 0, "_timestamp": 1661320967.8737285, "_runtime": 4.1557395458221436, "_step": 0, "_wandb": {"runtime": 3}}