{"loss": 6795.0556640625, "_timestamp": 1661336464.863966, "_runtime": 4.596873044967651, "_step": 100, "gradients/lin2.bias": {"_type": "histogram", "values": [0.0, 0.0, 0.0, 0.0, 0.0, 0.0, 0.0, 0.0, 0.0, 0.0, 0.0, 0.0, 0.0, 0.0, 0.0, 0.0, 0.0, 0.0, 0.0, 0.0, 0.0, 0.0, 0.0, 0.0, 0.0, 0.0, 0.0, 0.0, 0.0, 0.0, 0.0, 0.0, 1.0, 0.0, 0.0, 0.0, 0.0, 0.0, 0.0, 0.0, 0.0, 0.0, 0.0, 0.0, 0.0, 0.0, 0.0, 0.0, 0.0, 0.0, 0.0, 0.0, 0.0, 0.0, 0.0, 0.0, 0.0, 0.0, 0.0, 0.0, 0.0, 0.0, 0.0, 0.0], "bins": [-164.5599365234375, -164.5599365234375, -164.5599365234375, -164.5599365234375, -164.5599365234375, -164.5599365234375, -164.5599365234375, -164.5599365234375, -164.5599365234375, -164.5599365234375, -164.5599365234375, -164.5599365234375, -164.5599365234375, -164.5599365234375, -164.5599365234375, -164.5599365234375, -164.5599365234375, -164.5599365234375, -164.5599365234375, -164.5599365234375, -164.5599365234375, -164.5599365234375, -164.5599365234375, -164.5599365234375, -164.5599365234375, -164.5599365234375, -164.5599365234375, -164.5599365234375, -164.5599365234375, -164.5599365234375, -164.5599365234375, -164.5599365234375, -164.5599365234375, -164.5599365234375, -164.5599365234375, -164.5599365234375, -164.5599365234375, -164.5599365234375, -164.5599365234375, -164.5599365234375, -164.5599365234375, -164.5599365234375, -164.5599365234375, -164.5599365234375, -164.5599365234375, -164.5599365234375, -164.5599365234375, -164.5599365234375, -164.5599365234375, -164.5599365234375, -164.5599365234375, -164.5599365234375, -164.5599365234375, -164.5599365234375, -164.5599365234375, -164.5599365234375, -164.5599365234375, -164.5599365234375, -164.5599365234375, -164.5599365234375, -164.5599365234375, -164.5599365234375, -164.5599365234375, -164.5599365234375, -164.5599365234375]}, "gradients/lin2.weight": {"_type": "histogram", "values": [1.0, 0.0, 0.0, 0.0, 0.0, 0.0, 0.0, 0.0, 0.0, 0.0, 0.0, 0.0, 0.0, 0.0, 0.0, 0.0, 0.0, 0.0, 0.0, 0.0, 0.0, 0.0, 0.0, 0.0, 0.0, 0.0, 0.0, 0.0, 0.0, 0.0, 0.0, 0.0, 0.0, 0.0, 0.0, 0.0, 0.0, 0.0, 0.0, 0.0, 0.0, 0.0, 0.0, 0.0, 0.0, 0.0, 0.0, 0.0, 0.0, 0.0, 0.0, 0.0, 0.0, 0.0, 0.0, 0.0, 0.0, 0.0, 0.0, 0.0, 0.0, 0.0, 0.0, 2.0], "bins": [-12706.6982421875, -12508.15625, -12309.6142578125, -12111.072265625, -11912.529296875, -11713.9873046875, -11515.4453125, -11316.9033203125, -11118.361328125, -10919.8193359375, -10721.27734375, -10522.734375, -10324.1923828125, -10125.650390625, -9927.1083984375, -9728.56640625, -9530.0234375, -9331.4814453125, -9132.939453125, -8934.396484375, -8735.8544921875, -8537.3125, -8338.7705078125, -8140.228515625, -7941.6865234375, -7743.14453125, -7544.60205078125, -7346.06005859375, -7147.51806640625, -6948.9755859375, -6750.43359375, -6551.8916015625, -6353.34912109375, -6154.80712890625, -5956.2646484375, -5757.72265625, -5559.1806640625, -5360.63818359375, -5162.09619140625, -4963.5537109375, -4765.01171875, -4566.4697265625, -4367.92724609375, -4169.38525390625, -3970.843017578125, -3772.30078125, -3573.7587890625, -3375.216552734375, -3176.674560546875, -2978.13232421875, -2779.59033203125, -2581.048095703125, -2382.505859375, -2183.9638671875, -1985.421630859375, -1786.87939453125, -1588.3372802734375, -1389.795166015625, -1191.2529296875, -992.7108154296875, -794.1686401367188, -595.62646484375, -397.0843505859375, -198.5421142578125, 0.0]}, "gradients/lin1.bias": {"_type": "histogram", "values": [1.0, 0.0, 0.0, 0.0, 0.0, 0.0, 0.0, 0.0, 0.0, 0.0, 0.0, 0.0, 0.0, 0.0, 0.0, 0.0, 0.0, 0.0, 0.0, 0.0, 0.0, 0.0, 0.0, 0.0, 0.0, 0.0, 0.0, 0.0, 0.0, 0.0, 0.0, 0.0, 0.0, 0.0, 0.0, 0.0, 0.0, 0.0, 0.0, 0.0, 0.0, 0.0, 0.0, 0.0, 0.0, 0.0, 0.0, 0.0, 0.0, 0.0, 0.0, 0.0, 0.0, 0.0, 0.0, 0.0, 0.0, 0.0, 0.0, 0.0, 0.0, 0.0, 0.0, 2.0], "bins": [-595.0723876953125, -585.7743530273438, -576.4763793945312, -567.1783447265625, -557.88037109375, -548.5823364257812, -539.2843627929688, -529.986328125, -520.6883544921875, -511.3903503417969, -502.09234619140625, -492.7943420410156, -483.496337890625, -474.1983337402344, -464.90032958984375, -455.602294921875, -446.3042907714844, -437.00628662109375, -427.7082824707031, -418.4102783203125, -409.1122741699219, -399.81427001953125, -390.5162658691406, -381.21826171875, -371.92022705078125, -362.6222229003906, -353.32421875, -344.0262145996094, -334.72821044921875, -325.4302062988281, -316.1322021484375, -306.83416748046875, -297.53619384765625, -288.2381896972656, -278.940185546875, -269.6421813964844, -260.34417724609375, -251.04617309570312, -241.74815368652344, -232.4501495361328, -223.1521453857422, -213.85414123535156, -204.55613708496094, -195.2581329345703, -185.96011352539062, -176.662109375, -167.36410522460938, -158.06610107421875, -148.76809692382812, -139.4700927734375, -130.17208862304688, -120.87407684326172, -111.5760726928711, -102.27806854248047, -92.98005676269531, -83.68205261230469, -74.38404846191406, -65.08604431152344, -55.78803634643555, -46.490028381347656, -37.19202423095703, -27.894020080566406, -18.596012115478516, -9.298004150390625, 0.0]}, "gradients/lin1.weight": {"_type": "histogram", "values": [1.0, 0.0, 0.0, 0.0, 0.0, 0.0, 0.0, 0.0, 0.0, 0.0, 0.0, 0.0, 0.0, 0.0, 0.0, 0.0, 0.0, 0.0, 0.0, 0.0, 0.0, 0.0, 0.0, 0.0, 0.0, 0.0, 0.0, 0.0, 0.0, 0.0, 0.0, 0.0, 0.0, 0.0, 0.0, 0.0, 0.0, 0.0, 0.0, 0.0, 0.0, 0.0, 0.0, 0.0, 0.0, 0.0, 0.0, 0.0, 0.0, 0.0, 0.0, 0.0, 0.0, 0.0, 0.0, 0.0, 0.0, 0.0, 0.0, 0.0, 0.0, 0.0, 0.0, 2.0], "bins": [-11306.375, -11129.712890625, -10953.05078125, -10776.388671875, -10599.7265625, -10423.064453125, -10246.40234375, -10069.740234375, -9893.078125, -9716.416015625, -9539.75390625, -9363.091796875, -9186.4296875, -9009.767578125, -8833.10546875, -8656.443359375, -8479.78125, -8303.119140625, -8126.45703125, -7949.794921875, -7773.1328125, -7596.470703125, -7419.80859375, -7243.146484375, -7066.484375, -6889.822265625, -6713.16015625, -6536.498046875, -6359.8359375, -6183.173828125, -6006.51171875, -5829.849609375, -5653.1875, -5476.525390625, -5299.86328125, -5123.201171875, -4946.5390625, -4769.876953125, -4593.21484375, -4416.552734375, -4239.890625, -4063.228515625, -3886.56640625, -3709.904296875, -3533.2421875, -3356.580078125, -3179.91796875, -3003.255859375, -2826.59375, -2649.931640625, -2473.26953125, -2296.607421875, -2119.9453125, -1943.283203125, -1766.62109375, -1589.958984375, -1413.296875, -1236.634765625, -1059.97265625, -883.310546875, -706.6484375, -529.986328125, -353.32421875, -176.662109375, 0.0]}, "_wandb": {"runtime": 3}}