{"loss": 6686.93994140625, "_timestamp": 1661335896.108356, "_runtime": 4.209310054779053, "_step": 100, "gradients/lin2.bias": {"_type": "histogram", "values": [0.0, 0.0, 0.0, 0.0, 0.0, 0.0, 0.0, 0.0, 0.0, 0.0, 0.0, 0.0, 0.0, 0.0, 0.0, 0.0, 0.0, 0.0, 0.0, 0.0, 0.0, 0.0, 0.0, 0.0, 0.0, 0.0, 0.0, 0.0, 0.0, 0.0, 0.0, 0.0, 1.0, 0.0, 0.0, 0.0, 0.0, 0.0, 0.0, 0.0, 0.0, 0.0, 0.0, 0.0, 0.0, 0.0, 0.0, 0.0, 0.0, 0.0, 0.0, 0.0, 0.0, 0.0, 0.0, 0.0, 0.0, 0.0, 0.0, 0.0, 0.0, 0.0, 0.0, 0.0], "bins": [-163.22900390625, -163.22900390625, -163.22900390625, -163.22900390625, -163.22900390625, -163.22900390625, -163.22900390625, -163.22900390625, -163.22900390625, -163.22900390625, -163.22900390625, -163.22900390625, -163.22900390625, -163.22900390625, -163.22900390625, -163.22900390625, -163.22900390625, -163.22900390625, -163.22900390625, -163.22900390625, -163.22900390625, -163.22900390625, -163.22900390625, -163.22900390625, -163.22900390625, -163.22900390625, -163.22900390625, -163.22900390625, -163.22900390625, -163.22900390625, -163.22900390625, -163.22900390625, -163.22900390625, -163.22900390625, -163.22900390625, -163.22900390625, -163.22900390625, -163.22900390625, -163.22900390625, -163.22900390625, -163.22900390625, -163.22900390625, -163.22900390625, -163.22900390625, -163.22900390625, -163.22900390625, -163.22900390625, -163.22900390625, -163.22900390625, -163.22900390625, -163.22900390625, -163.22900390625, -163.22900390625, -163.22900390625, -163.22900390625, -163.22900390625, -163.22900390625, -163.22900390625, -163.22900390625, -163.22900390625, -163.22900390625, -163.22900390625, -163.22900390625, -163.22900390625, -163.22900390625]}, "gradients/lin2.weight": {"_type": "histogram", "values": [1.0, 0.0, 0.0, 0.0, 0.0, 0.0, 0.0, 0.0, 0.0, 0.0, 0.0, 0.0, 0.0, 0.0, 0.0, 0.0, 0.0, 0.0, 0.0, 0.0, 0.0, 0.0, 0.0, 0.0, 0.0, 0.0, 0.0, 0.0, 0.0, 0.0, 0.0, 0.0, 0.0, 0.0, 0.0, 0.0, 0.0, 0.0, 0.0, 0.0, 0.0, 0.0, 0.0, 0.0, 0.0, 0.0, 0.0, 0.0, 0.0, 0.0, 0.0, 0.0, 0.0, 0.0, 0.0, 0.0, 0.0, 0.0, 0.0, 0.0, 0.0, 0.0, 0.0, 1.0], "bins": [-11460.9130859375, -11281.8359375, -11102.759765625, -10923.6826171875, -10744.6064453125, -10565.529296875, -10386.4521484375, -10207.3759765625, -10028.298828125, -9849.2216796875, -9670.1455078125, -9491.068359375, -9311.9921875, -9132.9150390625, -8953.837890625, -8774.76171875, -8595.6845703125, -8416.607421875, -8237.53125, -8058.4541015625, -7879.37744140625, -7700.30078125, -7521.22412109375, -7342.1474609375, -7163.07080078125, -6983.994140625, -6804.91748046875, -6625.84033203125, -6446.763671875, -6267.68701171875, -6088.6103515625, -5909.533203125, -5730.45654296875, -5551.3798828125, -5372.30322265625, -5193.22607421875, -5014.1494140625, -4835.07275390625, -4655.99609375, -4476.9189453125, -4297.84228515625, -4118.765625, -3939.688720703125, -3760.612060546875, -3581.53515625, -3402.45849609375, -3223.3818359375, -3044.304931640625, -2865.228271484375, -2686.151611328125, -2507.07470703125, -2327.998046875, -2148.921142578125, -1969.844482421875, -1790.7677001953125, -1611.69091796875, -1432.6141357421875, -1253.537353515625, -1074.4605712890625, -895.3838500976562, -716.3070678710938, -537.2302856445312, -358.153564453125, -179.0767822265625, 0.0]}, "gradients/lin1.bias": {"_type": "histogram", "values": [1.0, 0.0, 0.0, 0.0, 0.0, 0.0, 0.0, 0.0, 0.0, 0.0, 0.0, 0.0, 0.0, 0.0, 0.0, 0.0, 0.0, 0.0, 0.0, 0.0, 0.0, 0.0, 0.0, 0.0, 0.0, 0.0, 0.0, 0.0, 0.0, 0.0, 0.0, 0.0, 0.0, 0.0, 0.0, 0.0, 0.0, 0.0, 0.0, 0.0, 0.0, 0.0, 0.0, 0.0, 0.0, 0.0, 0.0, 0.0, 0.0, 0.0, 0.0, 0.0, 0.0, 0.0, 0.0, 0.0, 0.0, 0.0, 0.0, 0.0, 0.0, 0.0, 0.0, 1.0], "bins": [-651.7713623046875, -641.5874633789062, -631.4035034179688, -621.2196044921875, -611.03564453125, -600.8517456054688, -590.6677856445312, -580.48388671875, -570.2999267578125, -560.1160278320312, -549.9320678710938, -539.7481689453125, -529.564208984375, -519.3803100585938, -509.19635009765625, -499.012451171875, -488.8285217285156, -478.64459228515625, -468.4606628417969, -458.2767333984375, -448.0928039550781, -437.90887451171875, -427.7249450683594, -417.541015625, -407.35711669921875, -397.1731872558594, -386.9892578125, -376.8053283691406, -366.62139892578125, -356.4374694824219, -346.2535400390625, -336.06964111328125, -325.88568115234375, -315.7017517089844, -305.517822265625, -295.3338928222656, -285.14996337890625, -274.9660339355469, -264.7821044921875, -254.5981903076172, -244.4142608642578, -234.23033142089844, -224.04640197753906, -213.8624725341797, -203.67855834960938, -193.49462890625, -183.31069946289062, -173.12677001953125, -162.94284057617188, -152.7589111328125, -142.57498168945312, -132.39105224609375, -122.2071304321289, -112.02320098876953, -101.83927917480469, -91.65534973144531, -81.47142028808594, -71.28749084472656, -61.10356521606445, -50.919639587402344, -40.73571014404297, -30.551780700683594, -20.367855072021484, -10.183929443359375, 0.0]}, "gradients/lin1.weight": {"_type": "histogram", "values": [1.0, 0.0, 0.0, 0.0, 0.0, 0.0, 0.0, 0.0, 0.0, 0.0, 0.0, 0.0, 0.0, 0.0, 0.0, 0.0, 0.0, 0.0, 0.0, 0.0, 0.0, 0.0, 0.0, 0.0, 0.0, 0.0, 0.0, 0.0, 0.0, 0.0, 0.0, 0.0, 0.0, 0.0, 0.0, 0.0, 0.0, 0.0, 0.0, 0.0, 0.0, 0.0, 0.0, 0.0, 0.0, 0.0, 0.0, 0.0, 0.0, 0.0, 0.0, 0.0, 0.0, 0.0, 0.0, 0.0, 0.0, 0.0, 0.0, 0.0, 0.0, 0.0, 0.0, 1.0], "bins": [-12383.65625, -12190.162109375, -11996.6669921875, -11803.171875, -11609.677734375, -11416.18359375, -11222.6884765625, -11029.193359375, -10835.69921875, -10642.205078125, -10448.7099609375, -10255.21484375, -10061.720703125, -9868.2265625, -9674.7314453125, -9481.236328125, -9287.7421875, -9094.248046875, -8900.7529296875, -8707.2578125, -8513.763671875, -8320.26953125, -8126.7744140625, -7933.27978515625, -7739.78515625, -7546.29052734375, -7352.7958984375, -7159.30126953125, -6965.806640625, -6772.31201171875, -6578.8173828125, -6385.32275390625, -6191.828125, -5998.33349609375, -5804.8388671875, -5611.34423828125, -5417.849609375, -5224.35498046875, -5030.8603515625, -4837.36572265625, -4643.87109375, -4450.37646484375, -4256.8818359375, -4063.38720703125, -3869.892578125, -3676.39794921875, -3482.9033203125, -3289.40869140625, -3095.9140625, -2902.41943359375, -2708.9248046875, -2515.43017578125, -2321.935546875, -2128.44091796875, -1934.9462890625, -1741.45166015625, -1547.95703125, -1354.46240234375, -1160.9677734375, -967.47314453125, -773.978515625, -580.48388671875, -386.9892578125, -193.49462890625, 0.0]}, "_wandb": {"runtime": 3}}